{
    "alpha": {
        "start": 0.5,
        "end": 0.25
    },
    "scale": {
        "start": 0.1,
        "end": 0.2,
        "minimumScaleMultiplier": 0.5
    },
    "color": {
        "start": "#ffffff",
        "end": "#ffffff"
    },
    "speed": {
        "start": 100,
        "end": 200,
        "minimumSpeedMultiplier": 1
    },
    "acceleration": {
        "x": 0,
        "y": 0
    },
    "maxSpeed": 0,
    "startRotation": {
        "min": 260,
        "max": 280
    },
    "noRotation": false,
    "rotationSpeed": {
        "min": 0,
        "max": 50
    },
    "lifetime": {
        "min": 0.001,
        "max": 0.5
    },
    "blendMode": "normal",
    "frequency": 0.016,
    "emitterLifetime": 1,
    "maxParticles": 10,
    "pos": {
        "x": 0,
        "y": 0
    },
    "addAtBack": false,
    "spawnType": "rect",
    "spawnRect": {
        "x": 0,
        "y": 0,
        "w": 32,
        "h": 32
    }
}
