{
	"alpha": {
		"start": 1,
		"end": 1
	},
	"scale": {
		"start": 0.1,
		"end": 0.1,
		"minimumScaleMultiplier": 1
	},
	"color": {
		"start": "#ffffff",
		"end": "#ffffff"
	},
	"speed": {
		"start": 100,
		"end": 0,
		"minimumSpeedMultiplier": 1
	},
	"acceleration": {
		"x": 1,
		"y": 0
	},
	"maxSpeed": 0,
	"startRotation": {
		"min": 0,
		"max": 360
	},
	"noRotation": false,
	"rotationSpeed": {
		"min": 0,
		"max": 0
	},
	"lifetime": {
		"min": 0.1,
		"max": 0.2
	},
	"blendMode": "normal",
	"frequency": 0.01,
	"emitterLifetime": 0.2,
	"maxParticles": 5,
	"addAtBack": false,
	"spawnType": "rect",
	"spawnRect": {
		"x": 0,
		"y": 0,
		"w": 0,
		"h": 0
  }
}