{
    "alpha": {
        "start": 0.5,
        "end": 0
    },
    "scale": {
        "start": 0.05,
        "end": 0.1,
        "minimumScaleMultiplier": 1
    },
    "color": {
        "start": "#ff0000",
        "end": "#ffa200"
    },
    "speed": {
        "start": 1,
        "end": 1,
        "minimumSpeedMultiplier": 1
    },
    "acceleration": {
        "x": 0,
        "y": 0
    },
    "maxSpeed": 0,
    "startRotation": {
        "min": 0,
        "max": 0
    },
    "noRotation": false,
    "rotationSpeed": {
        "min": 0,
        "max": 0
    },
    "lifetime": {
        "min": 0.1,
        "max": 0.2
    },
    "blendMode": "normal",
    "frequency": 0.01,
    "emitterLifetime": -1,
    "maxParticles": 400,
    "pos": {
        "x": 0,
        "y": 0
    },
    "addAtBack": false,
    "spawnType": "rect",
    "spawnRect": {
        "x": 0,
        "y": 0,
        "w": 1,
        "h": 1
    }
}
